{
  "claude": {
    "plain": {
      "mean": 0.9144316,
      "std": 0.18846532241356675,
      "ci95": 0.02336240340836624,
      "n": 250
    },
    "KJV": {
      "mean": 0.5795262499999999,
      "std": 0.38713614994825446,
      "ci95": 0.048979480807838593,
      "n": 240
    },
    "NIV": {
      "mean": 0.5837725000000001,
      "std": 0.40760081289362987,
      "ci95": 0.051568617901096035,
      "n": 240
    },
    "ARAMAIC": {
      "mean": 0.49190320000000004,
      "std": 0.4073409739591931,
      "ci95": 0.05049451027127753,
      "n": 250
    },
    "comparisons": {
      "plain_vs_KJV": {
        "diff": -0.3349053500000001,
        "t": 12.096253679075426,
        "df": 343.0772466506779,
        "p": 0,
        "significant": true
      },
      "plain_vs_NIV": {
        "diff": -0.3306590999999999,
        "t": 11.447591301601255,
        "df": 333.6813354816047,
        "p": 0,
        "significant": true
      },
      "plain_vs_ARAMAIC": {
        "diff": -0.42252839999999997,
        "t": 14.884928417495207,
        "df": 350.9336156005107,
        "p": 0,
        "significant": true
      }
    }
  },
  "gpt": {
    "plain": {
      "mean": 0.9719920000000004,
      "std": 0.07969917294849878,
      "ci95": 0.009879611834638202,
      "n": 250
    },
    "KJV": {
      "mean": 0.7413280000000005,
      "std": 0.35638589754347927,
      "ci95": 0.04417805355827141,
      "n": 250
    },
    "NIV": {
      "mean": 0.6618295999999998,
      "std": 0.3764560536439021,
      "ci95": 0.04666597588415181,
      "n": 250
    },
    "ARAMAIC": {
      "mean": 0.5395788,
      "std": 0.3963056373854073,
      "ci95": 0.049126555777144434,
      "n": 250
    },
    "comparisons": {
      "plain_vs_KJV": {
        "diff": -0.23066399999999987,
        "t": 9.986938214611698,
        "df": 273.8434032186125,
        "p": 0,
        "significant": true
      },
      "plain_vs_NIV": {
        "diff": -0.3101624000000006,
        "t": 12.74453441493734,
        "df": 271.2759801890757,
        "p": 0,
        "significant": true
      },
      "plain_vs_ARAMAIC": {
        "diff": -0.4324132000000004,
        "t": 16.91334382566994,
        "df": 269.1078988552395,
        "p": 0,
        "significant": true
      }
    }
  }
}